{
	"format_version": "1.8.0",
	"animations": {
		"idle": {
			"loop": true,
			"animation_length": 5,
			"bones": {
				"frame12": {
					"rotation": {
						"0.0": {
							"vector": [10.56806, -9.39692, -4.24812]
						},
						"2.0": {
							"vector": [0.67578, -18.86233, -5.53905]
						},
						"4.0": {
							"vector": [10.56806, -9.39692, -4.24812]
						}
					}
				},
				"frame": {
					"rotation": {
						"0.0": {
							"vector": [-2.5, 0, 0]
						},
						"2.0": {
							"vector": [5.07673, -9.96156, -8.38045]
						},
						"4.0": {
							"vector": [-2.5, 0, 0]
						}
					}
				},
				"frame2": {
					"rotation": {
						"0.0": {
							"vector": [7.52832, -4.95712, -0.65426]
						},
						"2.0": {
							"vector": [6.27089, 5.85144, 11.35862]
						},
						"4.0": {
							"vector": [7.52832, -4.95712, -0.65426]
						}
					}
				},
				"frame3": {
					"rotation": {
						"0.0": {
							"vector": [-10.15108, -9.84655, 1.75378]
						},
						"2.0": {
							"vector": [-2.27686, -4.84639, -2.97278]
						},
						"4.0": {
							"vector": [-10.15108, -9.84655, 1.75378]
						}
					}
				},
				"frame4": {
					"rotation": {
						"0.0": {
							"vector": [-5.24133, 17.43127, -1.5741]
						},
						"2.0": {
							"vector": [7.54288, -0.02821, -8.15182]
						},
						"4.0": {
							"vector": [-5.24133, 17.43127, -1.5741]
						}
					}
				},
				"frame5": {
					"rotation": {
						"0.0": {
							"vector": [-5.44718, -22.84398, 7.06299]
						},
						"2.0": {
							"vector": [8.11381, -34.60395, 4.63078]
						},
						"4.0": {
							"vector": [-5.44718, -22.84398, 7.06299]
						}
					}
				},
				"frame6": {
					"rotation": {
						"0.0": {
							"vector": [-7.61841, -12.2088, -4.83046]
						},
						"2.0": {
							"vector": [-5.57497, -29.93708, 1.49162]
						},
						"4.0": {
							"vector": [-7.61841, -12.2088, -4.83046]
						}
					}
				},
				"frame7": {
					"rotation": {
						"0.0": {
							"vector": [-5.46689, -18.21718, -5.46689]
						},
						"2.0": {
							"vector": [6.52323, -30.06644, -7.7962]
						},
						"4.0": {
							"vector": [-5.46689, -18.21718, -5.46689]
						}
					}
				},
				"frame8": {
					"rotation": {
						"0.0": {
							"vector": [9.13219, -7.32123, -12.60443]
						},
						"2.0": {
							"vector": [4.54437, -22.52325, -2.93274]
						},
						"5.0": {
							"vector": [9.13219, -7.32123, -12.60443]
						}
					}
				},
				"frame9": {
					"rotation": {
						"0.0": {
							"vector": [0, -25, -10]
						},
						"2.0": {
							"vector": [8.56138, -37.3789, -12.03741]
						},
						"4.0": {
							"vector": [0, -25, -10]
						}
					}
				},
				"frame10": {
					"rotation": {
						"0.0": {
							"vector": [2.25767, 14.54293, -4.47685]
						},
						"2.0": {
							"vector": [0, 0, 0]
						},
						"4.0": {
							"vector": [2.25767, 14.54293, -4.47685]
						}
					}
				},
				"frame11": {
					"rotation": {
						"0.0": {
							"vector": [-5.04985, -3.14213, 7.69178]
						},
						"2.0": {
							"vector": [6.13087, 13.42023, 3.05125]
						},
						"4.0": {
							"vector": [-5.04985, -3.14213, 7.69178]
						}
					}
				}
			}
		},
		"create": {
			"animation_length": 0.75,
			"bones": {
				"frame": {
					"rotation": {
						"0.0417": {
							"vector": [0, 0, 0]
						},
						"0.75": {
							"vector": [-2.5, 0, 0]
						}
					},
					"scale": {
						"0.0": {
							"vector": [0, 1, 1]
						},
						"0.7083": {
							"vector": [1, 1, 1]
						}
					}
				},
				"frame2": {
					"rotation": {
						"0.0417": {
							"vector": [0, 0, 0]
						},
						"0.75": {
							"vector": [7.52832, -4.95712, -0.65426]
						}
					},
					"scale": {
						"0.0": {
							"vector": [0, 1, 1]
						},
						"0.7083": {
							"vector": [1, 1, 1]
						}
					}
				},
				"frame3": {
					"rotation": {
						"0.0417": {
							"vector": [0, 0, 0]
						},
						"0.75": {
							"vector": [-10.15108, -9.84655, 1.75378]
						}
					},
					"scale": {
						"0.0": {
							"vector": [0, 1, 1]
						},
						"0.7083": {
							"vector": [1, 1, 1]
						}
					}
				},
				"frame4": {
					"rotation": {
						"0.0417": {
							"vector": [0, 0, 0]
						},
						"0.75": {
							"vector": [-5.24133, 17.43127, -1.5741]
						}
					},
					"scale": {
						"0.0": {
							"vector": [0, 1, 1]
						},
						"0.7083": {
							"vector": [1, 1, 1]
						}
					}
				},
				"frame5": {
					"rotation": {
						"0.0417": {
							"vector": [0, 0, 0]
						},
						"0.75": {
							"vector": [-5.44718, -22.84398, 7.06299]
						}
					},
					"scale": {
						"0.0": {
							"vector": [0, 1, 1]
						},
						"0.7083": {
							"vector": [1, 1, 1]
						}
					}
				},
				"frame6": {
					"rotation": {
						"0.0417": {
							"vector": [0, 0, 0]
						},
						"0.75": {
							"vector": [-7.61841, -12.2088, -4.83046]
						}
					},
					"scale": {
						"0.0": {
							"vector": [0, 1, 1]
						},
						"0.7083": {
							"vector": [1, 1, 1]
						}
					}
				},
				"frame7": {
					"rotation": {
						"0.0417": {
							"vector": [0, 0, 0]
						},
						"0.75": {
							"vector": [-5.46689, -18.21718, -5.46689]
						}
					},
					"scale": {
						"0.0": {
							"vector": [0, 1, 1]
						},
						"0.7083": {
							"vector": [1, 1, 1]
						}
					}
				},
				"frame8": {
					"rotation": {
						"0.0417": {
							"vector": [0, 0, 0]
						},
						"0.75": {
							"vector": [9.13219, -7.32123, -12.60443]
						}
					},
					"scale": {
						"0.0": {
							"vector": [0, 1, 1]
						},
						"0.7083": {
							"vector": [1, 1, 1]
						}
					}
				},
				"frame9": {
					"rotation": {
						"0.0417": {
							"vector": [0, 0, 0]
						},
						"0.75": {
							"vector": [0, -25, -10]
						}
					},
					"scale": {
						"0.0": {
							"vector": [0, 1, 1]
						},
						"0.7083": {
							"vector": [1, 1, 1]
						}
					}
				},
				"frame10": {
					"rotation": {
						"0.0417": {
							"vector": [0, 0, 0]
						},
						"0.75": {
							"vector": [2.25767, 14.54293, -4.47685]
						}
					},
					"scale": {
						"0.0": {
							"vector": [0, 1, 1]
						},
						"0.7083": {
							"vector": [1, 1, 1]
						}
					}
				},
				"frame11": {
					"rotation": {
						"0.0417": {
							"vector": [0, 0, 0]
						},
						"0.75": {
							"vector": [-5.04985, -3.14213, 7.69178]
						}
					},
					"scale": {
						"0.0": {
							"vector": [0, 1, 1]
						},
						"0.7083": {
							"vector": [1, 1, 1]
						}
					}
				},
				"frame12": {
					"rotation": {
						"0.0417": {
							"vector": [0, 0, 0]
						},
						"0.75": {
							"vector": [10.56806, -9.39692, -4.24812]
						}
					},
					"scale": {
						"0.0": {
							"vector": [0, 1, 1]
						},
						"0.7083": {
							"vector": [1, 1, 1]
						}
					}
				}
			}
		}
	},
	"geckolib_format_version": 2
}